Country Name,Country Code,Time,Time Code,Adolescents out of school (%),GDP Growth (annual)
Afghanistan,AFG,2017,YR2017,,2.647003202
Afghanistan,AFG,2018,YR2018,,1.189228128
Afghanistan,AFG,2019,YR2019,,3.911603419
Afghanistan,AFG,2020,YR2020,,-2.351100673
Afghanistan,AFG,2021,YR2021,,-20.73714562
Albania,ALB,2017,YR2017,6.072639942,3.8022274
Albania,ALB,2018,YR2018,3.056799889,4.019359685
Albania,ALB,2019,YR2019,3.697329998,2.088063376
Albania,ALB,2020,YR2020,3.547679901,-3.481630373
Albania,ALB,2021,YR2021,2.431289911,8.515501123
Algeria,DZA,2017,YR2017,,1.3
Algeria,DZA,2018,YR2018,,1.2
Algeria,DZA,2019,YR2019,,1
Algeria,DZA,2020,YR2020,,-5.1
Algeria,DZA,2021,YR2021,,3.5
American Samoa,ASM,2017,YR2017,,-6.98757764
American Samoa,ASM,2018,YR2018,,2.671118531
American Samoa,ASM,2019,YR2019,,-0.487804878
American Samoa,ASM,2020,YR2020,,5.065359477
American Samoa,ASM,2021,YR2021,,-1.866251944
Andorra,AND,2017,YR2017,,0.34607189
Andorra,AND,2018,YR2018,,1.58876549
Andorra,AND,2019,YR2019,,2.015547638
Andorra,AND,2020,YR2020,,-11.18393994
Andorra,AND,2021,YR2021,,8.949417981
Angola,AGO,2017,YR2017,,-0.15
Angola,AGO,2018,YR2018,,-1.316312102
Angola,AGO,2019,YR2019,,-0.699999998
Angola,AGO,2020,YR2020,,-5.6
Angola,AGO,2021,YR2021,,1.1
Antigua and Barbuda,ATG,2017,YR2017,4.685279846,3.14432324
Antigua and Barbuda,ATG,2018,YR2018,1.437809944,6.883640817
Antigua and Barbuda,ATG,2019,YR2019,2.516330004,4.862236166
Antigua and Barbuda,ATG,2020,YR2020,,-20.19237057
Antigua and Barbuda,ATG,2021,YR2021,,5.27084884
Argentina,ARG,2017,YR2017,0.00779,2.818502978
Argentina,ARG,2018,YR2018,0.11445,-2.617396463
Argentina,ARG,2019,YR2019,0.939010024,-2.000861003
Argentina,ARG,2020,YR2020,1.87372005,-9.943235134
Argentina,ARG,2021,YR2021,,10.39824946
Armenia,ARM,2017,YR2017,7.371409893,7.500000002
Armenia,ARM,2018,YR2018,8.214790344,5.2
Armenia,ARM,2019,YR2019,10.29481983,7.599999999
Armenia,ARM,2020,YR2020,9.777540207,-7.2
Armenia,ARM,2021,YR2021,8.786230087,5.7
Aruba,ABW,2017,YR2017,,5.482371174
Aruba,ABW,2018,YR2018,,5.257855673
Aruba,ABW,2019,YR2019,,0.635029268
Aruba,ABW,2020,YR2020,,-18.58909978
Aruba,ABW,2021,YR2021,,17.17250851
Australia,AUS,2017,YR2017,1.882769942,2.282183642
Australia,AUS,2018,YR2018,2.454240084,2.883045123
Australia,AUS,2019,YR2019,1.971469998,2.171396224
Australia,AUS,2020,YR2020,2.021859884,-0.050885336
Australia,AUS,2021,YR2021,,2.236212439
Austria,AUT,2017,YR2017,0.155849993,2.258572433
Austria,AUT,2018,YR2018,0.312209994,2.425385361
Austria,AUT,2019,YR2019,0.796649992,1.517388583
Austria,AUT,2020,YR2020,1.217869997,-6.453968467
Austria,AUT,2021,YR2021,,4.556850913
Azerbaijan,AZE,2017,YR2017,0.425509989,0.199999939
Azerbaijan,AZE,2018,YR2018,0.521350026,1.5
Azerbaijan,AZE,2019,YR2019,0.172849998,2.500000067
Azerbaijan,AZE,2020,YR2020,0.624230027,-4.300000102
Azerbaijan,AZE,2021,YR2021,1.095759988,5.600037273
"Bahamas, The",BHS,2017,YR2017,,3.050157348
"Bahamas, The",BHS,2018,YR2018,,1.831007794
"Bahamas, The",BHS,2019,YR2019,,1.896163703
"Bahamas, The",BHS,2020,YR2020,,-23.82260759
"Bahamas, The",BHS,2021,YR2021,,13.71973494
Bahrain,BHR,2017,YR2017,3.976589918,4.290949778
Bahrain,BHR,2018,YR2018,4.739999771,2.111130473
Bahrain,BHR,2019,YR2019,3.739340067,2.166964669
Bahrain,BHR,2020,YR2020,,-4.935854979
Bahrain,BHR,2021,YR2021,,2.225351242
Bangladesh,BGD,2017,YR2017,9.742671967,6.590249998
Bangladesh,BGD,2018,YR2018,12.06833267,7.31941263
Bangladesh,BGD,2019,YR2019,,7.881915151
Bangladesh,BGD,2020,YR2020,,3.448021455
Bangladesh,BGD,2021,YR2021,10.22459984,6.938675089
Barbados,BRB,2017,YR2017,1.812759995,0.456290513
Barbados,BRB,2018,YR2018,3.832750082,-1.0271391
Barbados,BRB,2019,YR2019,5.013189793,-0.131147253
Barbados,BRB,2020,YR2020,3.663170099,-13.31102153
Barbados,BRB,2021,YR2021,,-0.189272866
Belarus,BLR,2017,YR2017,1.291669965,2.5321835
Belarus,BLR,2018,YR2018,1.057340026,3.149197594
Belarus,BLR,2019,YR2019,0.26433,1.4
Belarus,BLR,2020,YR2020,0.140129998,-0.699607614
Belarus,BLR,2021,YR2021,,2.299879412
Belgium,BEL,2017,YR2017,1.380689979,1.619580278
Belgium,BEL,2018,YR2018,0.858690023,1.792945193
Belgium,BEL,2019,YR2019,0.332540005,2.24085824
Belgium,BEL,2020,YR2020,0.555339992,-5.361386633
Belgium,BEL,2021,YR2021,,6.133865964
Belize,BLZ,2017,YR2017,11.22523022,-1.694915254
Belize,BLZ,2018,YR2018,10.11157036,1.103448276
Belize,BLZ,2019,YR2019,10.04216003,4.502046385
Belize,BLZ,2020,YR2020,15.24960041,-13.40295909
Belize,BLZ,2021,YR2021,3.937109947,15.22613065
Benin,BEN,2017,YR2017,,5.671555469
Benin,BEN,2018,YR2018,,6.697259461
Benin,BEN,2019,YR2019,,6.865687336
Benin,BEN,2020,YR2020,42.07310104,3.848523092
Benin,BEN,2021,YR2021,42.31980133,7.155729529
Bermuda,BMU,2017,YR2017,,3.611419837
Bermuda,BMU,2018,YR2018,,-0.4328013
Bermuda,BMU,2019,YR2019,,0.306266735
Bermuda,BMU,2020,YR2020,,-6.837955191
Bermuda,BMU,2021,YR2021,,5.41353381
Bhutan,BTN,2017,YR2017,13.10727024,4.651834675
Bhutan,BTN,2018,YR2018,12.01716995,3.055129837
Bhutan,BTN,2019,YR2019,,5.755169993
Bhutan,BTN,2020,YR2020,,-10.00969926
Bhutan,BTN,2021,YR2021,13.04372025,4.087618798
Bolivia,BOL,2017,YR2017,14.52396011,4.195206301
Bolivia,BOL,2018,YR2018,13.46807957,4.223623511
Bolivia,BOL,2019,YR2019,,2.216705778
Bolivia,BOL,2020,YR2020,11.59237003,-8.737884434
Bolivia,BOL,2021,YR2021,,6.105804225
Bosnia and Herzegovina,BIH,2017,YR2017,6.825250149,3.171434907
Bosnia and Herzegovina,BIH,2018,YR2018,6.181570053,3.740073101
Bosnia and Herzegovina,BIH,2019,YR2019,,2.831001308
Bosnia and Herzegovina,BIH,2020,YR2020,,-3.119290515
Bosnia and Herzegovina,BIH,2021,YR2021,,7.54559113
Botswana,BWA,2017,YR2017,9.944829941,4.113056143
Botswana,BWA,2018,YR2018,,4.189834074
Botswana,BWA,2019,YR2019,,3.032598741
Botswana,BWA,2020,YR2020,,-8.726408626
Botswana,BWA,2021,YR2021,,11.37002186
Brazil,BRA,2017,YR2017,4.464149952,1.322869054
Brazil,BRA,2018,YR2018,2.437220097,1.783666762
Brazil,BRA,2019,YR2019,2.3542099,1.220777824
Brazil,BRA,2020,YR2020,3.432260036,-3.878676334
Brazil,BRA,2021,YR2021,,4.619421621
British Virgin Islands,VGB,2017,YR2017,,
British Virgin Islands,VGB,2018,YR2018,,
British Virgin Islands,VGB,2019,YR2019,,
British Virgin Islands,VGB,2020,YR2020,,
British Virgin Islands,VGB,2021,YR2021,2.374429941,
Brunei Darussalam,BRN,2017,YR2017,0.183334872,1.328602552
Brunei Darussalam,BRN,2018,YR2018,0.320499688,0.052237791
Brunei Darussalam,BRN,2019,YR2019,3.126675606,3.869109865
Brunei Darussalam,BRN,2020,YR2020,0.326243013,1.13357335
Brunei Darussalam,BRN,2021,YR2021,,-1.59076248
Bulgaria,BGR,2017,YR2017,10.05082989,2.76217096
Bulgaria,BGR,2018,YR2018,12.85758018,2.684760587
Bulgaria,BGR,2019,YR2019,14.57411003,4.038142206
Bulgaria,BGR,2020,YR2020,16.56188965,-3.958614598
Bulgaria,BGR,2021,YR2021,,7.634609716
Burkina Faso,BFA,2017,YR2017,46.96154022,6.203489411
Burkina Faso,BFA,2018,YR2018,43.84542847,6.604569068
Burkina Faso,BFA,2019,YR2019,46.14564133,5.688115149
Burkina Faso,BFA,2020,YR2020,46.70875168,1.93032489
Burkina Faso,BFA,2021,YR2021,47.51519394,6.906341673
Burundi,BDI,2017,YR2017,31.06438065,0.500001262
Burundi,BDI,2018,YR2018,32.79000092,1.609935421
Burundi,BDI,2019,YR2019,33.66904831,1.812565323
Burundi,BDI,2020,YR2020,29.6619091,0.327156891
Burundi,BDI,2021,YR2021,29.6619091,1.7953
Cabo Verde,CPV,2017,YR2017,13.31674004,3.702039188
Cabo Verde,CPV,2018,YR2018,13.4647398,4.531161684
Cabo Verde,CPV,2019,YR2019,12.51438999,5.66775246
Cabo Verde,CPV,2020,YR2020,,-14.78340501
Cabo Verde,CPV,2021,YR2021,,6.952448694
Cambodia,KHM,2017,YR2017,,6.996903699
Cambodia,KHM,2018,YR2018,,7.469169207
Cambodia,KHM,2019,YR2019,,7.054106932
Cambodia,KHM,2020,YR2020,14.6698103,-3.096006731
Cambodia,KHM,2021,YR2021,18.32434845,3.026389363
Cameroon,CMR,2017,YR2017,45.19726563,3.541176549
Cameroon,CMR,2018,YR2018,48.96038055,3.95551424
Cameroon,CMR,2019,YR2019,,3.475059979
Cameroon,CMR,2020,YR2020,,0.259932916
Cameroon,CMR,2021,YR2021,,3.649916886
Canada,CAN,2017,YR2017,,3.039880225
Canada,CAN,2018,YR2018,,2.777040554
Canada,CAN,2019,YR2019,,1.879592028
Canada,CAN,2020,YR2020,,-5.233024303
Canada,CAN,2021,YR2021,,4.540887309
Cayman Islands,CYM,2017,YR2017,13.21173954,3.184045923
Cayman Islands,CYM,2018,YR2018,19.63746071,4.267267452
Cayman Islands,CYM,2019,YR2019,20.81580925,3.87307586
Cayman Islands,CYM,2020,YR2020,,-5.683975615
Cayman Islands,CYM,2021,YR2021,,1.839256358
Central African Republic,CAF,2017,YR2017,52.1175499,4.527278213
Central African Republic,CAF,2018,YR2018,,3.789443593
Central African Republic,CAF,2019,YR2019,,3.1
Central African Republic,CAF,2020,YR2020,,0.899999997
Central African Republic,CAF,2021,YR2021,,0.900000007
Chad,TCD,2017,YR2017,65.99240112,-2.988695986
Chad,TCD,2018,YR2018,60.58884048,2.3740378
Chad,TCD,2019,YR2019,62.22386169,3.247181917
Chad,TCD,2020,YR2020,,-1.600006737
Chad,TCD,2021,YR2021,58.44736862,-1.199990525
Channel Islands,CHI,2017,YR2017,,
Channel Islands,CHI,2018,YR2018,,
Channel Islands,CHI,2019,YR2019,,
Channel Islands,CHI,2020,YR2020,,
Channel Islands,CHI,2021,YR2021,,
Chile,CHL,2017,YR2017,5.038720131,1.357695373
Chile,CHL,2018,YR2018,5.294360161,3.990029478
Chile,CHL,2019,YR2019,3.865580082,0.770539584
Chile,CHL,2020,YR2020,1.571969986,-5.978224062
Chile,CHL,2021,YR2021,,11.6682247
China,CHN,2017,YR2017,,6.947200793
China,CHN,2018,YR2018,,6.749773833
China,CHN,2019,YR2019,,5.950500754
China,CHN,2020,YR2020,,2.239701857
China,CHN,2021,YR2021,,8.109792581
Colombia,COL,2017,YR2017,7.504539967,1.359360868
Colombia,COL,2018,YR2018,5.906509876,2.564324283
Colombia,COL,2019,YR2019,3.34085989,3.186855392
Colombia,COL,2020,YR2020,0.924690008,-7.048151208
Colombia,COL,2021,YR2021,,10.67701307
Comoros,COM,2017,YR2017,29.51634026,3.815762877
Comoros,COM,2018,YR2018,19.20763969,3.642451138
Comoros,COM,2019,YR2019,,1.760780239
Comoros,COM,2020,YR2020,,-0.195556827
Comoros,COM,2021,YR2021,,2.112195577
"Congo, Dem. Rep.",COD,2017,YR2017,,3.726947653
"Congo, Dem. Rep.",COD,2018,YR2018,,5.8211211
"Congo, Dem. Rep.",COD,2019,YR2019,,4.384528881
"Congo, Dem. Rep.",COD,2020,YR2020,,1.735422764
"Congo, Dem. Rep.",COD,2021,YR2021,,6.200154011
"Congo, Rep.",COG,2017,YR2017,,-4.382530946
"Congo, Rep.",COG,2018,YR2018,28.78036499,-4.805351558
"Congo, Rep.",COG,2019,YR2019,,-0.086885958
"Congo, Rep.",COG,2020,YR2020,,-6.239319632
"Congo, Rep.",COG,2021,YR2021,,-2.200002606
Costa Rica,CRI,2017,YR2017,8.595129967,4.157698963
Costa Rica,CRI,2018,YR2018,3.75116992,2.615904404
Costa Rica,CRI,2019,YR2019,1.914489985,2.417511818
Costa Rica,CRI,2020,YR2020,3.852400064,-4.050908171
Costa Rica,CRI,2021,YR2021,,7.579565299
Cote d'Ivoire,CIV,2017,YR2017,44.1079216,7.359638088
Cote d'Ivoire,CIV,2018,YR2018,45.98387146,6.89028432
Cote d'Ivoire,CIV,2019,YR2019,44.40784073,6.231709513
Cote d'Ivoire,CIV,2020,YR2020,41.77125931,1.978821183
Cote d'Ivoire,CIV,2021,YR2021,42.02819824,7.03796
Croatia,HRV,2017,YR2017,,3.412467822
Croatia,HRV,2018,YR2018,0.874080002,2.800676199
Croatia,HRV,2019,YR2019,1.100759983,3.42100553
Croatia,HRV,2020,YR2020,1.215149999,-8.580343021
Croatia,HRV,2021,YR2021,,13.07220492
Cuba,CUB,2017,YR2017,2.728359938,1.809054399
Cuba,CUB,2018,YR2018,5.494619846,2.248480393
Cuba,CUB,2019,YR2019,10.23087025,-0.164839982
Cuba,CUB,2020,YR2020,12.42943001,-10.94834097
Cuba,CUB,2021,YR2021,10.3252697,1.254092864
Curacao,CUW,2017,YR2017,,-1.732225675
Curacao,CUW,2018,YR2018,,-2.16688148
Curacao,CUW,2019,YR2019,,-3.371799181
Curacao,CUW,2020,YR2020,14.69812965,-18.43847185
Curacao,CUW,2021,YR2021,,4.232404629
Cyprus,CYP,2017,YR2017,0.448379993,5.733476139
Cyprus,CYP,2018,YR2018,0.273809999,5.647858201
Cyprus,CYP,2019,YR2019,0.641269982,5.529428549
Cyprus,CYP,2020,YR2020,0.753199995,-4.372474186
Cyprus,CYP,2021,YR2021,,6.638926968
Czechia,CZE,2017,YR2017,0.676469982,5.168724304
Czechia,CZE,2018,YR2018,1.316920042,3.22008807
Czechia,CZE,2019,YR2019,0.42008999,3.029878663
Czechia,CZE,2020,YR2020,0.097319998,-5.502967961
Czechia,CZE,2021,YR2021,,3.544223443
Denmark,DNK,2017,YR2017,0.54549998,2.821736341
Denmark,DNK,2018,YR2018,0.576460004,1.989537315
Denmark,DNK,2019,YR2019,0.14474,1.493486959
Denmark,DNK,2020,YR2020,0.064560004,-1.994607569
Denmark,DNK,2021,YR2021,,4.855707586
Djibouti,DJI,2017,YR2017,,5.458091517
Djibouti,DJI,2018,YR2018,,4.774416888
Djibouti,DJI,2019,YR2019,,5.5451306
Djibouti,DJI,2020,YR2020,41.70660019,1.202022033
Djibouti,DJI,2021,YR2021,39.55770111,4.812477383
Dominica,DMA,2017,YR2017,,-6.618994633
Dominica,DMA,2018,YR2018,,3.547584418
Dominica,DMA,2019,YR2019,1.279629946,5.502483437
Dominica,DMA,2020,YR2020,2.776740074,-16.60491154
Dominica,DMA,2021,YR2021,0.810609996,6.681925718
Dominican Republic,DOM,2017,YR2017,7.921840191,4.666704677
Dominican Republic,DOM,2018,YR2018,10.67907047,6.982527585
Dominican Republic,DOM,2019,YR2019,5.643449783,5.05216802
Dominican Republic,DOM,2020,YR2020,8.900309563,-6.720239373
Dominican Republic,DOM,2021,YR2021,16.3278904,12.27199023
Ecuador,ECU,2017,YR2017,3.755520105,2.368386526
Ecuador,ECU,2018,YR2018,4.451509953,1.289291933
Ecuador,ECU,2019,YR2019,3.699609995,0.012105103
Ecuador,ECU,2020,YR2020,1.532619953,-7.787607091
Ecuador,ECU,2021,YR2021,,4.235251242
"Egypt, Arab Rep.",EGY,2017,YR2017,5.127089977,4.181221001
"Egypt, Arab Rep.",EGY,2018,YR2018,4.200910091,5.314121037
"Egypt, Arab Rep.",EGY,2019,YR2019,2.386869907,5.557683888
"Egypt, Arab Rep.",EGY,2020,YR2020,,3.569669475
"Egypt, Arab Rep.",EGY,2021,YR2021,,3.326742091
El Salvador,SLV,2017,YR2017,,2.247619048
El Salvador,SLV,2018,YR2018,,2.412444113
El Salvador,SLV,2019,YR2019,,2.437471578
El Salvador,SLV,2020,YR2020,,-8.177217438
El Salvador,SLV,2021,YR2021,,10.27847612
Equatorial Guinea,GNQ,2017,YR2017,,-5.667508505
Equatorial Guinea,GNQ,2018,YR2018,,-6.236544067
Equatorial Guinea,GNQ,2019,YR2019,,-5.481825379
Equatorial Guinea,GNQ,2020,YR2020,,-4.241481321
Equatorial Guinea,GNQ,2021,YR2021,,-0.945382917
Eritrea,ERI,2017,YR2017,34.93682861,
Eritrea,ERI,2018,YR2018,36.08021164,
Eritrea,ERI,2019,YR2019,39.40226746,
Eritrea,ERI,2020,YR2020,,
Eritrea,ERI,2021,YR2021,,
Estonia,EST,2017,YR2017,1.313560009,5.792044675
Estonia,EST,2018,YR2018,1.194939971,3.78420085
Estonia,EST,2019,YR2019,1.341920018,3.739706682
Estonia,EST,2020,YR2020,0.619840026,-0.551001258
Estonia,EST,2021,YR2021,,8.013462924
Eswatini,SWZ,2017,YR2017,,2.026578156
Eswatini,SWZ,2018,YR2018,,2.368742043
Eswatini,SWZ,2019,YR2019,,2.703557595
Eswatini,SWZ,2020,YR2020,,-1.55964259
Eswatini,SWZ,2021,YR2021,,7.883306402
Ethiopia,ETH,2017,YR2017,,9.564189643
Ethiopia,ETH,2018,YR2018,,6.816147797
Ethiopia,ETH,2019,YR2019,,8.364085699
Ethiopia,ETH,2020,YR2020,,6.059530886
Ethiopia,ETH,2021,YR2021,,5.637303008
Faroe Islands,FRO,2017,YR2017,,
Faroe Islands,FRO,2018,YR2018,,
Faroe Islands,FRO,2019,YR2019,,
Faroe Islands,FRO,2020,YR2020,,
Faroe Islands,FRO,2021,YR2021,,
Fiji,FJI,2017,YR2017,,5.353364937
Fiji,FJI,2018,YR2018,0.635079324,3.81235097
Fiji,FJI,2019,YR2019,,-0.581946371
Fiji,FJI,2020,YR2020,0.553487241,-17.00023502
Fiji,FJI,2021,YR2021,0.78431803,-5.111607393
Finland,FIN,2017,YR2017,0.47468999,3.19240963
Finland,FIN,2018,YR2018,0.067659996,1.139718013
Finland,FIN,2019,YR2019,0.146559998,1.224748922
Finland,FIN,2020,YR2020,0.327580005,-2.205139373
Finland,FIN,2021,YR2021,,2.973229356
France,FRA,2017,YR2017,1.1523,2.291419994
France,FRA,2018,YR2018,0.959379971,1.865066071
France,FRA,2019,YR2019,0.462029994,1.842971814
France,FRA,2020,YR2020,0.02967,-7.784586492
France,FRA,2021,YR2021,,6.816589136
French Polynesia,PYF,2017,YR2017,,2.097448458
French Polynesia,PYF,2018,YR2018,,2.82447942
French Polynesia,PYF,2019,YR2019,,2.420144903
French Polynesia,PYF,2020,YR2020,,-10
French Polynesia,PYF,2021,YR2021,,1.024255604
Gabon,GAB,2017,YR2017,,0.472642031
Gabon,GAB,2018,YR2018,,0.837916581
Gabon,GAB,2019,YR2019,30.21707916,3.920808795
Gabon,GAB,2020,YR2020,,-1.837761064
Gabon,GAB,2021,YR2021,,1.46228651
"Gambia, The",GMB,2017,YR2017,24.54443932,4.822611249
"Gambia, The",GMB,2018,YR2018,19.8076992,7.234890333
"Gambia, The",GMB,2019,YR2019,18.54915047,6.22205316
"Gambia, The",GMB,2020,YR2020,16.37710953,0.591487288
"Gambia, The",GMB,2021,YR2021,14.57672024,4.265492162
Georgia,GEO,2017,YR2017,0.198500007,4.842603225
Georgia,GEO,2018,YR2018,0.177880004,4.842919885
Georgia,GEO,2019,YR2019,0.02874,4.982350475
Georgia,GEO,2020,YR2020,1.156970024,-6.760439817
Georgia,GEO,2021,YR2021,0.831570029,10.46553729
Germany,DEU,2017,YR2017,4.715849876,2.680231114
Germany,DEU,2018,YR2018,4.672969818,0.981232606
Germany,DEU,2019,YR2019,4.303369999,1.056603898
Germany,DEU,2020,YR2020,4.240950108,-3.696788705
Germany,DEU,2021,YR2021,,2.626987267
Ghana,GHA,2017,YR2017,12.05074978,8.128894881
Ghana,GHA,2018,YR2018,15.53300953,6.200077681
Ghana,GHA,2019,YR2019,10.59337044,6.507774794
Ghana,GHA,2020,YR2020,7.619949818,0.513941648
Ghana,GHA,2021,YR2021,,5.356477897
Gibraltar,GIB,2017,YR2017,2.3526299,
Gibraltar,GIB,2018,YR2018,,
Gibraltar,GIB,2019,YR2019,3.671710014,
Gibraltar,GIB,2020,YR2020,6.231880188,
Gibraltar,GIB,2021,YR2021,4.660890102,
Greece,GRC,2017,YR2017,3.66573,1.09214912
Greece,GRC,2018,YR2018,3.969680071,1.668428636
Greece,GRC,2019,YR2019,3.176320076,1.884341785
Greece,GRC,2020,YR2020,3.384180069,-9.004043642
Greece,GRC,2021,YR2021,,8.434425502
Greenland,GRL,2017,YR2017,,0.052728183
Greenland,GRL,2018,YR2018,,0.623065429
Greenland,GRL,2019,YR2019,,2.271310943
Greenland,GRL,2020,YR2020,,0.35653166
Greenland,GRL,2021,YR2021,,
Grenada,GRD,2017,YR2017,,4.439116408
Grenada,GRD,2018,YR2018,,4.361421988
Grenada,GRD,2019,YR2019,,0.675295897
Grenada,GRD,2020,YR2020,,-13.75592945
Grenada,GRD,2021,YR2021,,4.68794389
Guam,GUM,2017,YR2017,,0.890099909
Guam,GUM,2018,YR2018,,-0.792221822
Guam,GUM,2019,YR2019,,2.595281307
Guam,GUM,2020,YR2020,,-11.39218114
Guam,GUM,2021,YR2021,,1.058095428
Guatemala,GTM,2017,YR2017,33.09156036,3.079851491
Guatemala,GTM,2018,YR2018,32.7557106,3.4068734
Guatemala,GTM,2019,YR2019,,4.002315059
Guatemala,GTM,2020,YR2020,34.68918991,-1.764082926
Guatemala,GTM,2021,YR2021,34.77544022,7.980769506
Guinea,GIN,2017,YR2017,,10.30000534
Guinea,GIN,2018,YR2018,53.33242798,6.358491927
Guinea,GIN,2019,YR2019,53.50900269,5.616914469
Guinea,GIN,2020,YR2020,53.96775055,4.920266372
Guinea,GIN,2021,YR2021,,3.9
Guinea-Bissau,GNB,2017,YR2017,,5.919176626
Guinea-Bissau,GNB,2018,YR2018,,1.283736703
Guinea-Bissau,GNB,2019,YR2019,,4.499999992
Guinea-Bissau,GNB,2020,YR2020,,-2.399999999
Guinea-Bissau,GNB,2021,YR2021,,3.800002427
Guyana,GUY,2017,YR2017,,3.734374061
Guyana,GUY,2018,YR2018,,4.441013589
Guyana,GUY,2019,YR2019,,5.352627426
Guyana,GUY,2020,YR2020,,43.47955594
Guyana,GUY,2021,YR2021,,20.06001095
Haiti,HTI,2017,YR2017,,2.510271345
Haiti,HTI,2018,YR2018,,1.667810955
Haiti,HTI,2019,YR2019,,-1.684595081
Haiti,HTI,2020,YR2020,,-3.343372612
Haiti,HTI,2021,YR2021,,-1.798239889
Honduras,HND,2017,YR2017,,4.842913911
Honduras,HND,2018,YR2018,39.49258041,3.84499477
Honduras,HND,2019,YR2019,,2.653066255
Honduras,HND,2020,YR2020,,-8.964760184
Honduras,HND,2021,YR2021,,12.53409602
"Hong Kong SAR, China",HKG,2017,YR2017,0.579020023,3.796122164
"Hong Kong SAR, China",HKG,2018,YR2018,0.074770004,2.846934743
"Hong Kong SAR, China",HKG,2019,YR2019,0.555140018,-1.678246464
"Hong Kong SAR, China",HKG,2020,YR2020,1.309790015,-6.545008239
"Hong Kong SAR, China",HKG,2021,YR2021,1.213479996,6.343106198
Hungary,HUN,2017,YR2017,3.554610014,4.271976016
Hungary,HUN,2018,YR2018,3.16534996,5.362332259
Hungary,HUN,2019,YR2019,2.979660034,4.85779236
Hungary,HUN,2020,YR2020,2.105659962,-4.547263823
Hungary,HUN,2021,YR2021,,7.117315315
Iceland,ISL,2017,YR2017,0.482520014,4.194948829
Iceland,ISL,2018,YR2018,0.188449994,4.888798244
Iceland,ISL,2019,YR2019,0.272100002,2.415456092
Iceland,ISL,2020,YR2020,0.701099992,-6.842296026
Iceland,ISL,2021,YR2021,,4.403044786
India,IND,2017,YR2017,,6.795383419
India,IND,2018,YR2018,,6.453851345
India,IND,2019,YR2019,,3.73791852
India,IND,2020,YR2020,15.12684441,-6.596080522
India,IND,2021,YR2021,13.92600441,8.681228731
Indonesia,IDN,2017,YR2017,,5.069785901
Indonesia,IDN,2018,YR2018,16.33551979,5.17429154
Indonesia,IDN,2019,YR2019,,5.01928768
Indonesia,IDN,2020,YR2020,,-2.065004941
Indonesia,IDN,2021,YR2021,,3.691240112
"Iran, Islamic Rep.",IRN,2017,YR2017,4.735219955,2.758505246
"Iran, Islamic Rep.",IRN,2018,YR2018,,-2.253863607
"Iran, Islamic Rep.",IRN,2019,YR2019,,-2.658206662
"Iran, Islamic Rep.",IRN,2020,YR2020,1.745550036,3.330288459
"Iran, Islamic Rep.",IRN,2021,YR2021,,4.719777732
Iraq,IRQ,2017,YR2017,,-1.819750351
Iraq,IRQ,2018,YR2018,,2.633850991
Iraq,IRQ,2019,YR2019,,5.513790575
Iraq,IRQ,2020,YR2020,,-11.32419926
Iraq,IRQ,2021,YR2021,,2.783335435
Ireland,IRL,2017,YR2017,0.492410004,9.005342424
Ireland,IRL,2018,YR2018,0.536840022,8.527541391
Ireland,IRL,2019,YR2019,0.632790029,5.440937334
Ireland,IRL,2020,YR2020,0.558239996,6.184538039
Ireland,IRL,2021,YR2021,,13.58824711
Isle of Man,IMN,2017,YR2017,,4.688811187
Isle of Man,IMN,2018,YR2018,,2.213403992
Isle of Man,IMN,2019,YR2019,,0.25486132
Isle of Man,IMN,2020,YR2020,,
Isle of Man,IMN,2021,YR2021,,
Israel,ISR,2017,YR2017,,4.276595951
Israel,ISR,2018,YR2018,,4.070321887
Israel,ISR,2019,YR2019,0.01179,4.156137989
Israel,ISR,2020,YR2020,0.066469997,-1.857289278
Israel,ISR,2021,YR2021,,8.611990348
Italy,ITA,2017,YR2017,1.657510042,1.667859041
Italy,ITA,2018,YR2018,2.052779913,0.925810941
Italy,ITA,2019,YR2019,2.44501996,0.483198317
Italy,ITA,2020,YR2020,2.238990068,-9.039953411
Italy,ITA,2021,YR2021,,6.737277123
Jamaica,JAM,2017,YR2017,,0.997123062
Jamaica,JAM,2018,YR2018,,1.889923681
Jamaica,JAM,2019,YR2019,,0.892291654
Jamaica,JAM,2020,YR2020,,-10
Jamaica,JAM,2021,YR2021,,4.6
Japan,JPN,2017,YR2017,0.281529993,1.675331752
Japan,JPN,2018,YR2018,0.385210007,0.584068067
Japan,JPN,2019,YR2019,1.936929941,-0.240350841
Japan,JPN,2020,YR2020,,-4.506904542
Japan,JPN,2021,YR2021,,1.657071117
Jordan,JOR,2017,YR2017,31.1963501,2.473598525
Jordan,JOR,2018,YR2018,30.79830933,1.91907105
Jordan,JOR,2019,YR2019,29.52597046,1.927372025
Jordan,JOR,2020,YR2020,27.84917068,-1.569473361
Jordan,JOR,2021,YR2021,24.11811066,2.228138413
Kazakhstan,KAZ,2017,YR2017,,4.1
Kazakhstan,KAZ,2018,YR2018,,4.1
Kazakhstan,KAZ,2019,YR2019,,4.5
Kazakhstan,KAZ,2020,YR2020,0.01898,-2.5
Kazakhstan,KAZ,2021,YR2021,,4.3
Kenya,KEN,2017,YR2017,,3.837958174
Kenya,KEN,2018,YR2018,,5.647946407
Kenya,KEN,2019,YR2019,,5.114158858
Kenya,KEN,2020,YR2020,,-0.250155705
Kenya,KEN,2021,YR2021,,7.517355387
Kiribati,KIR,2017,YR2017,,-0.244658832
Kiribati,KIR,2018,YR2018,,5.274150125
Kiribati,KIR,2019,YR2019,,-0.539607341
Kiribati,KIR,2020,YR2020,,-0.547003796
Kiribati,KIR,2021,YR2021,,1.499998904
"Korea, Dem. People's Rep.",PRK,2017,YR2017,,
"Korea, Dem. People's Rep.",PRK,2018,YR2018,,
"Korea, Dem. People's Rep.",PRK,2019,YR2019,,
"Korea, Dem. People's Rep.",PRK,2020,YR2020,,
"Korea, Dem. People's Rep.",PRK,2021,YR2021,,
"Korea, Rep.",KOR,2017,YR2017,5.631599903,3.15963574
"Korea, Rep.",KOR,2018,YR2018,2.746390104,2.907403774
"Korea, Rep.",KOR,2019,YR2019,4.86950016,2.24397786
"Korea, Rep.",KOR,2020,YR2020,2.442100048,-0.709415359
"Korea, Rep.",KOR,2021,YR2021,,4.145323954
Kosovo,XKX,2017,YR2017,,4.825690427
Kosovo,XKX,2018,YR2018,,3.406631008
Kosovo,XKX,2019,YR2019,,4.756830619
Kosovo,XKX,2020,YR2020,,-5.340275302
Kosovo,XKX,2021,YR2021,,10.74561161
Kuwait,KWT,2017,YR2017,,-4.712106209
Kuwait,KWT,2018,YR2018,,2.433981268
Kuwait,KWT,2019,YR2019,,-0.551959288
Kuwait,KWT,2020,YR2020,,-8.855278923
Kuwait,KWT,2021,YR2021,,
Kyrgyz Republic,KGZ,2017,YR2017,4.357600212,4.739937225
Kyrgyz Republic,KGZ,2018,YR2018,3.006949902,3.757910125
Kyrgyz Republic,KGZ,2019,YR2019,2.116230011,4.600625666
Kyrgyz Republic,KGZ,2020,YR2020,0.508449972,-8.398364296
Kyrgyz Republic,KGZ,2021,YR2021,0.148379996,3.610612695
Lao PDR,LAO,2017,YR2017,22.24474144,6.892530873
Lao PDR,LAO,2018,YR2018,25.0272541,6.247960008
Lao PDR,LAO,2019,YR2019,27.59396362,5.457735092
Lao PDR,LAO,2020,YR2020,30.49757004,0.50303183
Lao PDR,LAO,2021,YR2021,32.35071182,2.528351001
Latvia,LVA,2017,YR2017,1.29531002,3.312475936
Latvia,LVA,2018,YR2018,0.978330016,3.991854505
Latvia,LVA,2019,YR2019,1.741960049,2.569703888
Latvia,LVA,2020,YR2020,1.668959975,-2.202985338
Latvia,LVA,2021,YR2021,,4.068073863
Lebanon,LBN,2017,YR2017,,0.782014001
Lebanon,LBN,2018,YR2018,,-1.702174807
Lebanon,LBN,2019,YR2019,,-7.15724707
Lebanon,LBN,2020,YR2020,,-21.39989992
Lebanon,LBN,2021,YR2021,,-7.00123936
Lesotho,LSO,2017,YR2017,,-3.138174923
Lesotho,LSO,2018,YR2018,14.52917957,0.071538723
Lesotho,LSO,2019,YR2019,15.12199974,0.92750332
Lesotho,LSO,2020,YR2020,,-8.356395734
Lesotho,LSO,2021,YR2021,,1.347623155
Liberia,LBR,2017,YR2017,,2.45515592
Liberia,LBR,2018,YR2018,,1.157575122
Liberia,LBR,2019,YR2019,,-2.467297635
Liberia,LBR,2020,YR2020,35.95613861,-2.982491276
Liberia,LBR,2021,YR2021,,4.986712835
Libya,LBY,2017,YR2017,,32.49180219
Libya,LBY,2018,YR2018,,7.941367853
Libya,LBY,2019,YR2019,,-11.19569459
Libya,LBY,2020,YR2020,,-23.92978245
Libya,LBY,2021,YR2021,,31.37242223
Liechtenstein,LIE,2017,YR2017,3.001539946,
Liechtenstein,LIE,2018,YR2018,3.976530075,
Liechtenstein,LIE,2019,YR2019,2.604589939,
Liechtenstein,LIE,2020,YR2020,2.687139988,
Liechtenstein,LIE,2021,YR2021,,
Lithuania,LTU,2017,YR2017,0.00589,4.282596951
Lithuania,LTU,2018,YR2018,0.152879998,3.993310328
Lithuania,LTU,2019,YR2019,0.146819994,4.625103139
Lithuania,LTU,2020,YR2020,0.133929998,-0.021762974
Lithuania,LTU,2021,YR2021,,5.981032113
Luxembourg,LUX,2017,YR2017,5.754570007,1.317187663
Luxembourg,LUX,2018,YR2018,4.306389809,1.219321919
Luxembourg,LUX,2019,YR2019,2.448940039,2.319925201
Luxembourg,LUX,2020,YR2020,0.881190002,-0.797435589
Luxembourg,LUX,2021,YR2021,,5.102455447
"Macao SAR, China",MAC,2017,YR2017,3.94927001,9.983305509
"Macao SAR, China",MAC,2018,YR2018,2.484839916,6.464667694
"Macao SAR, China",MAC,2019,YR2019,2.227240086,-2.511937846
"Macao SAR, China",MAC,2020,YR2020,1.22081995,-54.23590002
"Macao SAR, China",MAC,2021,YR2021,0.087710001,19.26705638
Madagascar,MDG,2017,YR2017,23.75234032,3.933307595
Madagascar,MDG,2018,YR2018,25.13939095,3.194356515
Madagascar,MDG,2019,YR2019,30.0320797,4.41123213
Madagascar,MDG,2020,YR2020,,-7.137671622
Madagascar,MDG,2021,YR2021,,4.40234
Malawi,MWI,2017,YR2017,,4.000030516
Malawi,MWI,2018,YR2018,17.32626915,4.391688296
Malawi,MWI,2019,YR2019,18.56497002,5.448181336
Malawi,MWI,2020,YR2020,,0.799998331
Malawi,MWI,2021,YR2021,,2.751416408
Malaysia,MYS,2017,YR2017,13.14727974,5.81272241
Malaysia,MYS,2018,YR2018,13.62835026,4.843086976
Malaysia,MYS,2019,YR2019,12.07822037,4.413190208
Malaysia,MYS,2020,YR2020,11.24042034,-5.534456218
Malaysia,MYS,2021,YR2021,,3.09215965
Maldives,MDV,2017,YR2017,4.450240135,7.209910123
Maldives,MDV,2018,YR2018,6.651519775,8.123128908
Maldives,MDV,2019,YR2019,8.623920441,7.097466015
Maldives,MDV,2020,YR2020,3.727261543,-33.49279579
Maldives,MDV,2021,YR2021,,41.74510055
Mali,MLI,2017,YR2017,54.9564209,5.305456084
Mali,MLI,2018,YR2018,52.7726593,4.746484327
Mali,MLI,2019,YR2019,,4.756160808
Mali,MLI,2020,YR2020,,-1.235450447
Mali,MLI,2021,YR2021,,3.052613569
Malta,MLT,2017,YR2017,0.624989986,10.92532923
Malta,MLT,2018,YR2018,0.853649974,6.168984106
Malta,MLT,2019,YR2019,1.530850053,5.917344507
Malta,MLT,2020,YR2020,,-8.324283232
Malta,MLT,2021,YR2021,,10.2977636
Marshall Islands,MHL,2017,YR2017,,3.410419703
Marshall Islands,MHL,2018,YR2018,,4.194018756
Marshall Islands,MHL,2019,YR2019,26.25283051,10.83921368
Marshall Islands,MHL,2020,YR2020,27.91451073,-1.841596424
Marshall Islands,MHL,2021,YR2021,30.05197906,1.114795058
Mauritania,MRT,2017,YR2017,44.40827179,6.270545694
Mauritania,MRT,2018,YR2018,37.51184082,4.772173639
Mauritania,MRT,2019,YR2019,28.16043091,5.296637357
Mauritania,MRT,2020,YR2020,,-0.938516151
Mauritania,MRT,2021,YR2021,,2.445368273
Mauritius,MUS,2017,YR2017,4.053979874,3.937983806
Mauritius,MUS,2018,YR2018,4.571320057,4.006740572
Mauritius,MUS,2019,YR2019,4.723909855,2.891464957
Mauritius,MUS,2020,YR2020,3.439610004,-14.59739843
Mauritius,MUS,2021,YR2021,3.404330015,3.703611124
Mexico,MEX,2017,YR2017,5.939559937,2.113129135
Mexico,MEX,2018,YR2018,7.789140224,2.194994725
Mexico,MEX,2019,YR2019,7.64868021,-0.199047772
Mexico,MEX,2020,YR2020,7.818739891,-7.98791234
Mexico,MEX,2021,YR2021,,4.720565298
"Micronesia, Fed. Sts.",FSM,2017,YR2017,12.85286617,2.682185944
"Micronesia, Fed. Sts.",FSM,2018,YR2018,23.50802231,0.2116536
"Micronesia, Fed. Sts.",FSM,2019,YR2019,21.36005211,1.174799228
"Micronesia, Fed. Sts.",FSM,2020,YR2020,22.96437645,-1.765415152
"Micronesia, Fed. Sts.",FSM,2021,YR2021,20.77101326,-3.188187197
Moldova,MDA,2017,YR2017,22.74171257,4.690793676
Moldova,MDA,2018,YR2018,22.45045853,4.301477757
Moldova,MDA,2019,YR2019,1.152549982,3.683403898
Moldova,MDA,2020,YR2020,0.811749995,-7.380182154
Moldova,MDA,2021,YR2021,0.647239983,13.9445896
Monaco,MCO,2017,YR2017,,-3.500961422
Monaco,MCO,2018,YR2018,,5.95627042
Monaco,MCO,2019,YR2019,,6.905665492
Monaco,MCO,2020,YR2020,,-12.96513471
Monaco,MCO,2021,YR2021,,21.5535607
Mongolia,MNG,2017,YR2017,,5.63687639
Mongolia,MNG,2018,YR2018,,7.74488062
Mongolia,MNG,2019,YR2019,7.546020031,5.602244219
Mongolia,MNG,2020,YR2020,3.664972305,-4.557751973
Mongolia,MNG,2021,YR2021,0.234696969,1.636769576
Montenegro,MNE,2017,YR2017,4.392099857,4.716465276
Montenegro,MNE,2018,YR2018,6.673689842,5.077888811
Montenegro,MNE,2019,YR2019,7.73363018,4.062944992
Montenegro,MNE,2020,YR2020,6.081590176,-15.30689376
Montenegro,MNE,2021,YR2021,3.394380093,12.43435899
Morocco,MAR,2017,YR2017,11.05187035,5.057898157
Morocco,MAR,2018,YR2018,10.72482967,3.065641334
Morocco,MAR,2019,YR2019,9.394450188,2.890974761
Morocco,MAR,2020,YR2020,7.160130024,-7.187079581
Morocco,MAR,2021,YR2021,6.190820217,7.929667942
Mozambique,MOZ,2017,YR2017,,3.741317593
Mozambique,MOZ,2018,YR2018,,3.44381384
Mozambique,MOZ,2019,YR2019,,2.31460601
Mozambique,MOZ,2020,YR2020,37.98249054,-1.233905711
Mozambique,MOZ,2021,YR2021,,2.363988418
Myanmar,MMR,2017,YR2017,23.70815086,5.7500645
Myanmar,MMR,2018,YR2018,20.96567917,6.404977325
Myanmar,MMR,2019,YR2019,,6.750460146
Myanmar,MMR,2020,YR2020,,3.1737744
Myanmar,MMR,2021,YR2021,,-17.9129448
Namibia,NAM,2017,YR2017,2.202899933,-1.027250823
Namibia,NAM,2018,YR2018,1.585569978,1.059943443
Namibia,NAM,2019,YR2019,1.298930049,-0.839154678
Namibia,NAM,2020,YR2020,1.453279972,-8.036213662
Namibia,NAM,2021,YR2021,1.452453852,2.65605082
Nauru,NRU,2017,YR2017,,-5.747126437
Nauru,NRU,2018,YR2018,,6.097560976
Nauru,NRU,2019,YR2019,7.925409794,0
Nauru,NRU,2020,YR2020,,1.149425287
Nauru,NRU,2021,YR2021,,1.5
Nepal,NPL,2017,YR2017,5.334360123,8.977279354
Nepal,NPL,2018,YR2018,,7.622376108
Nepal,NPL,2019,YR2019,,6.657055428
Nepal,NPL,2020,YR2020,,-2.369620627
Nepal,NPL,2021,YR2021,10.98309231,4.246940141
Netherlands,NLD,2017,YR2017,1.857640028,2.910902513
Netherlands,NLD,2018,YR2018,2.547849894,2.360915095
Netherlands,NLD,2019,YR2019,2.777930021,1.955588416
Netherlands,NLD,2020,YR2020,2.237430096,-3.886083918
Netherlands,NLD,2021,YR2021,,4.863219149
New Caledonia,NCL,2017,YR2017,,
New Caledonia,NCL,2018,YR2018,,
New Caledonia,NCL,2019,YR2019,,
New Caledonia,NCL,2020,YR2020,,
New Caledonia,NCL,2021,YR2021,,
New Zealand,NZL,2017,YR2017,1.956660032,3.578278276
New Zealand,NZL,2018,YR2018,1.168750048,3.359219548
New Zealand,NZL,2019,YR2019,0.100060001,2.192477216
New Zealand,NZL,2020,YR2020,0.03853,-1.252664529
New Zealand,NZL,2021,YR2021,,3.71401012
Nicaragua,NIC,2017,YR2017,,4.630795521
Nicaragua,NIC,2018,YR2018,,-3.363705717
Nicaragua,NIC,2019,YR2019,,-3.779333196
Nicaragua,NIC,2020,YR2020,,-1.789975444
Nicaragua,NIC,2021,YR2021,,10.3443407
Niger,NER,2017,YR2017,64.94287109,5.001359945
Niger,NER,2018,YR2018,66.11546326,7.210803008
Niger,NER,2019,YR2019,69.78131104,5.941396863
Niger,NER,2020,YR2020,,3.550227506
Niger,NER,2021,YR2021,71.61956787,1.387129177
Nigeria,NGA,2017,YR2017,,0.80588662
Nigeria,NGA,2018,YR2018,,1.922757342
Nigeria,NGA,2019,YR2019,,2.208429277
Nigeria,NGA,2020,YR2020,,-1.794253082
Nigeria,NGA,2021,YR2021,,3.647186541
North Macedonia,MKD,2017,YR2017,,1.081772738
North Macedonia,MKD,2018,YR2018,,2.88059671
North Macedonia,MKD,2019,YR2019,,3.910419538
North Macedonia,MKD,2020,YR2020,,-6.110886711
North Macedonia,MKD,2021,YR2021,,3.964264171
Northern Mariana Islands,MNP,2017,YR2017,,23.17073171
Northern Mariana Islands,MNP,2018,YR2018,,-19.34501142
Northern Mariana Islands,MNP,2019,YR2019,,-11.14258735
Northern Mariana Islands,MNP,2020,YR2020,,
Northern Mariana Islands,MNP,2021,YR2021,,
Norway,NOR,2017,YR2017,0.801060021,2.323290208
Norway,NOR,2018,YR2018,0.515209973,1.118828479
Norway,NOR,2019,YR2019,0.420040011,0.745798219
Norway,NOR,2020,YR2020,0.377649993,-0.717182669
Norway,NOR,2021,YR2021,,3.880936036
Oman,OMN,2017,YR2017,1.854760051,0.304057566
Oman,OMN,2018,YR2018,2.65376997,1.287103915
Oman,OMN,2019,YR2019,2.015219927,-1.128711062
Oman,OMN,2020,YR2020,2.658750057,-3.3797144
Oman,OMN,2021,YR2021,4.317329884,3.092276687
Pakistan,PAK,2017,YR2017,,4.432625907
Pakistan,PAK,2018,YR2018,,6.151702611
Pakistan,PAK,2019,YR2019,,2.497636929
Pakistan,PAK,2020,YR2020,,-1.274087443
Pakistan,PAK,2021,YR2021,,6.487086774
Palau,PLW,2017,YR2017,,-4.078810923
Palau,PLW,2018,YR2018,,0.108108108
Palau,PLW,2019,YR2019,,0.395968323
Palau,PLW,2020,YR2020,15.93290997,-9.107206884
Palau,PLW,2021,YR2021,,-13.33333333
Panama,PAN,2017,YR2017,12.17885971,5.591148876
Panama,PAN,2018,YR2018,,3.685429938
Panama,PAN,2019,YR2019,,2.979772001
Panama,PAN,2020,YR2020,,-17.9448936
Panama,PAN,2021,YR2021,,15.33587393
Papua New Guinea,PNG,2017,YR2017,,3.534610818
Papua New Guinea,PNG,2018,YR2018,27.52128983,-0.279252285
Papua New Guinea,PNG,2019,YR2019,,4.480430622
Papua New Guinea,PNG,2020,YR2020,,-3.167381176
Papua New Guinea,PNG,2021,YR2021,,0.3
Paraguay,PRY,2017,YR2017,,4.810078856
Paraguay,PRY,2018,YR2018,,3.204250341
Paraguay,PRY,2019,YR2019,,-0.401855101
Paraguay,PRY,2020,YR2020,,-0.819785391
Paraguay,PRY,2021,YR2021,,4.102413415
Peru,PER,2017,YR2017,0.675660014,2.518835442
Peru,PER,2018,YR2018,1.768669963,3.969351341
Peru,PER,2019,YR2019,,2.240631769
Peru,PER,2020,YR2020,,-10.95269893
Peru,PER,2021,YR2021,2.974600077,13.34950908
Philippines,PHL,2017,YR2017,,6.930988326
Philippines,PHL,2018,YR2018,10.57707882,6.341485572
Philippines,PHL,2019,YR2019,10.52847958,6.118525662
Philippines,PHL,2020,YR2020,9.381196022,-9.518294741
Philippines,PHL,2021,YR2021,12.10210514,5.703155968
Poland,POL,2017,YR2017,3.212709904,5.140017574
Poland,POL,2018,YR2018,2.078279972,5.945208477
Poland,POL,2019,YR2019,3.288630009,4.449987879
Poland,POL,2020,YR2020,2.336770058,-2.020070734
Poland,POL,2021,YR2021,,6.847713362
Portugal,PRT,2017,YR2017,0.341670007,3.506345285
Portugal,PRT,2018,YR2018,0.113399997,2.849325934
Portugal,PRT,2019,YR2019,0.138119996,2.682759921
Portugal,PRT,2020,YR2020,0.21006,-8.300516042
Portugal,PRT,2021,YR2021,,5.482391708
Puerto Rico,PRI,2017,YR2017,,-2.885954759
Puerto Rico,PRI,2018,YR2018,,-4.360606061
Puerto Rico,PRI,2019,YR2019,,1.675063105
Puerto Rico,PRI,2020,YR2020,,-4.353426337
Puerto Rico,PRI,2021,YR2021,,0.207432829
Qatar,QAT,2017,YR2017,9.922320366,-1.497604702
Qatar,QAT,2018,YR2018,6.550570011,1.234872202
Qatar,QAT,2019,YR2019,5.146299839,0.774808381
Qatar,QAT,2020,YR2020,6.978390217,-3.640449798
Qatar,QAT,2021,YR2021,10.04961014,1.590756954
Romania,ROU,2017,YR2017,7.414010048,8.196506503
Romania,ROU,2018,YR2018,8.94108963,6.029019041
Romania,ROU,2019,YR2019,11.18490028,3.853163833
Romania,ROU,2020,YR2020,,-3.677510791
Romania,ROU,2021,YR2021,,5.100128197
Russian Federation,RUS,2017,YR2017,0.162809998,1.825790064
Russian Federation,RUS,2018,YR2018,0.216169998,2.80724541
Russian Federation,RUS,2019,YR2019,0.238289997,2.198075714
Russian Federation,RUS,2020,YR2020,,-2.663757511
Russian Federation,RUS,2021,YR2021,,4.7495841
Rwanda,RWA,2017,YR2017,29.29759026,3.976289694
Rwanda,RWA,2018,YR2018,8.874520302,8.579437537
Rwanda,RWA,2019,YR2019,3.766289949,9.460597561
Rwanda,RWA,2020,YR2020,,-3.35885332
Rwanda,RWA,2021,YR2021,2.542579889,10.88451916
Samoa,WSM,2017,YR2017,0.991249979,1.4062824
Samoa,WSM,2018,YR2018,,-0.609647103
Samoa,WSM,2019,YR2019,2.126790047,4.451858917
Samoa,WSM,2020,YR2020,,-3.108444011
Samoa,WSM,2021,YR2021,,-7.084587997
San Marino,SMR,2017,YR2017,,0.258265466
San Marino,SMR,2018,YR2018,6.746029854,1.493905318
San Marino,SMR,2019,YR2019,10.5362196,2.065685147
San Marino,SMR,2020,YR2020,8.418129921,-6.647910818
San Marino,SMR,2021,YR2021,8.386509895,
Sao Tome and Principe,STP,2017,YR2017,,3.848980918
Sao Tome and Principe,STP,2018,YR2018,,2.945268909
Sao Tome and Principe,STP,2019,YR2019,,2.210855833
Sao Tome and Principe,STP,2020,YR2020,,3.024567669
Sao Tome and Principe,STP,2021,YR2021,,1.877923038
Saudi Arabia,SAU,2017,YR2017,,-0.741528418
Saudi Arabia,SAU,2018,YR2018,1.436100006,2.5141658
Saudi Arabia,SAU,2019,YR2019,1.047330022,0.333780755
Saudi Arabia,SAU,2020,YR2020,1.621029973,-4.137670376
Saudi Arabia,SAU,2021,YR2021,1.437710047,3.240929768
Senegal,SEN,2017,YR2017,,7.393737497
Senegal,SEN,2018,YR2018,,6.209241034
Senegal,SEN,2019,YR2019,,4.613628097
Senegal,SEN,2020,YR2020,60.18130112,1.325505141
Senegal,SEN,2021,YR2021,,6.064495968
Serbia,SRB,2017,YR2017,1.550199986,2.101163847
Serbia,SRB,2018,YR2018,1.732830048,4.495121293
Serbia,SRB,2019,YR2019,2.077569962,4.331734906
Serbia,SRB,2020,YR2020,2.790199995,-0.903218502
Serbia,SRB,2021,YR2021,2.553539991,7.549912535
Seychelles,SYC,2017,YR2017,,4.511094855
Seychelles,SYC,2018,YR2018,0.01708279,3.198883963
Seychelles,SYC,2019,YR2019,0.517120004,3.09986953
Seychelles,SYC,2020,YR2020,2.923789978,-7.692672469
Seychelles,SYC,2021,YR2021,3.647000074,7.86188242
Sierra Leone,SLE,2017,YR2017,38.59830856,4.192610074
Sierra Leone,SLE,2018,YR2018,49.02927017,3.46460214
Sierra Leone,SLE,2019,YR2019,,5.254241203
Sierra Leone,SLE,2020,YR2020,,-1.96894782
Sierra Leone,SLE,2021,YR2021,,4.104700089
Singapore,SGP,2017,YR2017,0.064630002,4.661435049
Singapore,SGP,2018,YR2018,0.558089972,3.661304994
Singapore,SGP,2019,YR2019,0.303350002,1.095672567
Singapore,SGP,2020,YR2020,0.892130017,-4.143105621
Singapore,SGP,2021,YR2021,,7.613962615
Sint Maarten (Dutch part),SXM,2017,YR2017,,-5.800003254
Sint Maarten (Dutch part),SXM,2018,YR2018,,-6.599997737
Sint Maarten (Dutch part),SXM,2019,YR2019,,
Sint Maarten (Dutch part),SXM,2020,YR2020,,
Sint Maarten (Dutch part),SXM,2021,YR2021,,
Slovak Republic,SVK,2017,YR2017,4.509689808,2.938068678
Slovak Republic,SVK,2018,YR2018,4.654679775,4.030389714
Slovak Republic,SVK,2019,YR2019,4.612579823,2.519693137
Slovak Republic,SVK,2020,YR2020,4.384500027,-3.374681766
Slovak Republic,SVK,2021,YR2021,,3.014302861
Slovenia,SVN,2017,YR2017,0.772059977,4.815380632
Slovenia,SVN,2018,YR2018,1.59818995,4.454365747
Slovenia,SVN,2019,YR2019,1.104560018,3.451079244
Slovenia,SVN,2020,YR2020,0.538339972,-4.321369905
Slovenia,SVN,2021,YR2021,,8.211062592
Solomon Islands,SLB,2017,YR2017,,3.075348034
Solomon Islands,SLB,2018,YR2018,,2.745995423
Solomon Islands,SLB,2019,YR2019,,1.749514287
Solomon Islands,SLB,2020,YR2020,,-3.382047485
Solomon Islands,SLB,2021,YR2021,,-0.202448665
Somalia,SOM,2017,YR2017,,2.349582763
Somalia,SOM,2018,YR2018,,7.530969253
Somalia,SOM,2019,YR2019,,7.456521543
Somalia,SOM,2020,YR2020,,2.489374346
Somalia,SOM,2021,YR2021,,4.049110488
South Africa,ZAF,2017,YR2017,19.13909912,1.157946952
South Africa,ZAF,2018,YR2018,14.36363029,1.522329387
South Africa,ZAF,2019,YR2019,10.32394981,0.303453235
South Africa,ZAF,2020,YR2020,10.79557991,-6.342471148
South Africa,ZAF,2021,YR2021,,4.913096682
South Sudan,SSD,2017,YR2017,,
South Sudan,SSD,2018,YR2018,,
South Sudan,SSD,2019,YR2019,,
South Sudan,SSD,2020,YR2020,,
South Sudan,SSD,2021,YR2021,,
Spain,ESP,2017,YR2017,0.154420003,2.975760729
Spain,ESP,2018,YR2018,0.382939994,2.284469419
Spain,ESP,2019,YR2019,0.363359988,1.983966223
Spain,ESP,2020,YR2020,0.42039001,-11.32543832
Spain,ESP,2021,YR2021,,5.519594973
Sri Lanka,LKA,2017,YR2017,1.332509995,6.460681271
Sri Lanka,LKA,2018,YR2018,0.131500006,2.310084255
Sri Lanka,LKA,2019,YR2019,,-0.220483887
Sri Lanka,LKA,2020,YR2020,,-3.472296819
Sri Lanka,LKA,2021,YR2021,,3.326763818
St. Kitts and Nevis,KNA,2017,YR2017,,0.007068824
St. Kitts and Nevis,KNA,2018,YR2018,,2.052464636
St. Kitts and Nevis,KNA,2019,YR2019,,4.047478875
St. Kitts and Nevis,KNA,2020,YR2020,,-14.53207299
St. Kitts and Nevis,KNA,2021,YR2021,,-0.879622643
St. Lucia,LCA,2017,YR2017,10.92957973,3.387056508
St. Lucia,LCA,2018,YR2018,11.86240005,2.880820578
St. Lucia,LCA,2019,YR2019,9.699040413,-0.650157505
St. Lucia,LCA,2020,YR2020,9.111550331,-24.36461878
St. Lucia,LCA,2021,YR2021,,12.22986221
St. Martin (French part),MAF,2017,YR2017,,
St. Martin (French part),MAF,2018,YR2018,,
St. Martin (French part),MAF,2019,YR2019,,
St. Martin (French part),MAF,2020,YR2020,,
St. Martin (French part),MAF,2021,YR2021,,
St. Vincent and the Grenadines,VCT,2017,YR2017,0.67671001,1.669364654
St. Vincent and the Grenadines,VCT,2018,YR2018,1.537829995,3.052342971
St. Vincent and the Grenadines,VCT,2019,YR2019,3.005100012,0.404010393
St. Vincent and the Grenadines,VCT,2020,YR2020,3.500290155,-5.31264623
St. Vincent and the Grenadines,VCT,2021,YR2021,,1.352114255
Sudan,SDN,2017,YR2017,,0.709256285
Sudan,SDN,2018,YR2018,34.34395981,-2.68093055
Sudan,SDN,2019,YR2019,,-2.178251045
Sudan,SDN,2020,YR2020,,-3.629800924
Sudan,SDN,2021,YR2021,,-1.868520206
Suriname,SUR,2017,YR2017,,1.567191065
Suriname,SUR,2018,YR2018,,4.948270766
Suriname,SUR,2019,YR2019,,1.168797882
Suriname,SUR,2020,YR2020,,-15.97519639
Suriname,SUR,2021,YR2021,,-2.729618827
Sweden,SWE,2017,YR2017,,2.567924525
Sweden,SWE,2018,YR2018,,1.950022846
Sweden,SWE,2019,YR2019,,1.986195874
Sweden,SWE,2020,YR2020,,-2.170213179
Sweden,SWE,2021,YR2021,,5.075084725
Switzerland,CHE,2017,YR2017,1.484030008,1.362799557
Switzerland,CHE,2018,YR2018,0.977209985,2.860445795
Switzerland,CHE,2019,YR2019,0.614929974,1.141982325
Switzerland,CHE,2020,YR2020,0.493849993,-2.37556328
Switzerland,CHE,2021,YR2021,,4.221716577
Syrian Arab Republic,SYR,2017,YR2017,,-0.723281777
Syrian Arab Republic,SYR,2018,YR2018,,1.393176078
Syrian Arab Republic,SYR,2019,YR2019,,1.220705221
Syrian Arab Republic,SYR,2020,YR2020,,-3.873681686
Syrian Arab Republic,SYR,2021,YR2021,,
Tajikistan,TJK,2017,YR2017,,7.099894057
Tajikistan,TJK,2018,YR2018,,7.599278842
Tajikistan,TJK,2019,YR2019,,7.400652432
Tajikistan,TJK,2020,YR2020,,4.400049702
Tajikistan,TJK,2021,YR2021,,9.200190431
Tanzania,TZA,2017,YR2017,,6.785680114
Tanzania,TZA,2018,YR2018,,5.444967601
Tanzania,TZA,2019,YR2019,,5.799999977
Tanzania,TZA,2020,YR2020,,1.996343506
Tanzania,TZA,2021,YR2021,,4.279084542
Thailand,THA,2017,YR2017,12.02467442,4.177681032
Thailand,THA,2018,YR2018,10.35851765,4.222870287
Thailand,THA,2019,YR2019,11.72848797,2.151656122
Thailand,THA,2020,YR2020,10.90459538,-6.19548916
Thailand,THA,2021,YR2021,9.019874573,1.533835584
Timor-Leste,TLS,2017,YR2017,12.64856148,-3.057649469
Timor-Leste,TLS,2018,YR2018,12.61658001,-0.690255803
Timor-Leste,TLS,2019,YR2019,10.22936344,23.51379081
Timor-Leste,TLS,2020,YR2020,10.68295574,31.91448717
Timor-Leste,TLS,2021,YR2021,,5.29144192
Togo,TGO,2017,YR2017,21.44502068,4.347748238
Togo,TGO,2018,YR2018,,4.9762131
Togo,TGO,2019,YR2019,,5.459921448
Togo,TGO,2020,YR2020,,1.752824967
Togo,TGO,2021,YR2021,18.38303947,5.260594925
Tonga,TON,2017,YR2017,,3.322432544
Tonga,TON,2018,YR2018,8.186940193,0.24122796
Tonga,TON,2019,YR2019,6.433889866,0.706483434
Tonga,TON,2020,YR2020,10.88344002,0.488645323
Tonga,TON,2021,YR2021,,-2.667506175
Trinidad and Tobago,TTO,2017,YR2017,,-4.706998899
Trinidad and Tobago,TTO,2018,YR2018,,-0.870967846
Trinidad and Tobago,TTO,2019,YR2019,,0.110394047
Trinidad and Tobago,TTO,2020,YR2020,,-7.678331161
Trinidad and Tobago,TTO,2021,YR2021,,-1.026540162
Tunisia,TUN,2017,YR2017,,2.244345087
Tunisia,TUN,2018,YR2018,,2.590366637
Tunisia,TUN,2019,YR2019,,1.503427858
Tunisia,TUN,2020,YR2020,,-8.621135487
Tunisia,TUN,2021,YR2021,,4.322776357
Turkiye,TUR,2017,YR2017,8.914179802,7.501997489
Turkiye,TUR,2018,YR2018,6.217649937,2.979885258
Turkiye,TUR,2019,YR2019,3.489429951,0.783610198
Turkiye,TUR,2020,YR2020,2.062319994,1.940032245
Turkiye,TUR,2021,YR2021,,11.35349641
Turkmenistan,TKM,2017,YR2017,,6.500000047
Turkmenistan,TKM,2018,YR2018,,6.199999941
Turkmenistan,TKM,2019,YR2019,,6.3
Turkmenistan,TKM,2020,YR2020,,
Turkmenistan,TKM,2021,YR2021,,
Turks and Caicos Islands,TCA,2017,YR2017,43.50896072,-2.490218992
Turks and Caicos Islands,TCA,2018,YR2018,19.56163979,5.610956374
Turks and Caicos Islands,TCA,2019,YR2019,26.08450699,5.324551483
Turks and Caicos Islands,TCA,2020,YR2020,11.95079041,-26.78287693
Turks and Caicos Islands,TCA,2021,YR2021,10.66423035,2.099997677
Tuvalu,TUV,2017,YR2017,26.73683929,1.785714286
Tuvalu,TUV,2018,YR2018,22.78875923,1.754385965
Tuvalu,TUV,2019,YR2019,30.93524933,13.79310345
Tuvalu,TUV,2020,YR2020,33.19797134,1.515151515
Tuvalu,TUV,2021,YR2021,23.54125023,2.985074627
Uganda,UGA,2017,YR2017,48.75535965,3.131405518
Uganda,UGA,2018,YR2018,,6.303923781
Uganda,UGA,2019,YR2019,,6.438745034
Uganda,UGA,2020,YR2020,,2.951306422
Uganda,UGA,2021,YR2021,,3.536580341
Ukraine,UKR,2017,YR2017,,2.359972281
Ukraine,UKR,2018,YR2018,,3.48836234
Ukraine,UKR,2019,YR2019,,3.199503864
Ukraine,UKR,2020,YR2020,,-3.7528041
Ukraine,UKR,2021,YR2021,,3.4
United Arab Emirates,ARE,2017,YR2017,0.565789998,0.735068713
United Arab Emirates,ARE,2018,YR2018,,1.313913881
United Arab Emirates,ARE,2019,YR2019,0.087839998,1.108348139
United Arab Emirates,ARE,2020,YR2020,0.715960026,-4.957052437
United Arab Emirates,ARE,2021,YR2021,,3.91629608
United Kingdom,GBR,2017,YR2017,0.127790004,2.44357047
United Kingdom,GBR,2018,YR2018,0.122699998,1.705021022
United Kingdom,GBR,2019,YR2019,0.162070006,1.604308648
United Kingdom,GBR,2020,YR2020,0.126430005,-11.03085846
United Kingdom,GBR,2021,YR2021,,7.524910374
United States,USA,2017,YR2017,,2.241921216
United States,USA,2018,YR2018,,2.945384831
United States,USA,2019,YR2019,,2.294439078
United States,USA,2020,YR2020,0.172670007,-2.767802511
United States,USA,2021,YR2021,,5.945484761
Uruguay,URY,2017,YR2017,0.261339992,1.627753973
Uruguay,URY,2018,YR2018,,0.477907184
Uruguay,URY,2019,YR2019,0.838209987,0.350447153
Uruguay,URY,2020,YR2020,1.159229994,-6.12147628
Uruguay,URY,2021,YR2021,,4.367009316
Uzbekistan,UZB,2017,YR2017,3.922830105,4.395274633
Uzbekistan,UZB,2018,YR2018,2.416419983,5.354996888
Uzbekistan,UZB,2019,YR2019,1.21013999,5.709632222
Uzbekistan,UZB,2020,YR2020,0.517470002,1.886245259
Uzbekistan,UZB,2021,YR2021,0.543519974,7.420110242
Vanuatu,VUT,2017,YR2017,,6.317305384
Vanuatu,VUT,2018,YR2018,12.0726099,2.900230273
Vanuatu,VUT,2019,YR2019,15.6342802,3.241187655
Vanuatu,VUT,2020,YR2020,25.13063049,-5.396254215
Vanuatu,VUT,2021,YR2021,,0.449256481
"Venezuela, RB",VEN,2017,YR2017,14.07769966,
"Venezuela, RB",VEN,2018,YR2018,,
"Venezuela, RB",VEN,2019,YR2019,,
"Venezuela, RB",VEN,2020,YR2020,,
"Venezuela, RB",VEN,2021,YR2021,,
Vietnam,VNM,2017,YR2017,,6.940187782
Vietnam,VNM,2018,YR2018,,7.464991257
Vietnam,VNM,2019,YR2019,,7.359281
Vietnam,VNM,2020,YR2020,,2.865411946
Vietnam,VNM,2021,YR2021,,2.561551142
Virgin Islands (U.S.),VIR,2017,YR2017,,-0.735294118
Virgin Islands (U.S.),VIR,2018,YR2018,,1.904761905
Virgin Islands (U.S.),VIR,2019,YR2019,,2.777777778
Virgin Islands (U.S.),VIR,2020,YR2020,,-2.14700682
Virgin Islands (U.S.),VIR,2021,YR2021,,
West Bank and Gaza,PSE,2017,YR2017,5.3740201,1.419367563
West Bank and Gaza,PSE,2018,YR2018,2.594860077,1.227077378
West Bank and Gaza,PSE,2019,YR2019,2.548890114,1.362687466
West Bank and Gaza,PSE,2020,YR2020,3.058909893,-11.31846611
West Bank and Gaza,PSE,2021,YR2021,2.744450092,7.050450938
"Yemen, Rep.",YEM,2017,YR2017,,-5.071795639
"Yemen, Rep.",YEM,2018,YR2018,,0.752447588
"Yemen, Rep.",YEM,2019,YR2019,,
"Yemen, Rep.",YEM,2020,YR2020,,
"Yemen, Rep.",YEM,2021,YR2021,,
Zambia,ZMB,2017,YR2017,,3.504336096
Zambia,ZMB,2018,YR2018,,4.034493897
Zambia,ZMB,2019,YR2019,,1.441306026
Zambia,ZMB,2020,YR2020,,-2.785055065
Zambia,ZMB,2021,YR2021,,4.598734039
Zimbabwe,ZWE,2017,YR2017,2.356790066,4.080263903
Zimbabwe,ZWE,2018,YR2018,6.226069927,5.009866783
Zimbabwe,ZWE,2019,YR2019,7.544310093,-6.332446407
Zimbabwe,ZWE,2020,YR2020,21.87541008,-7.816950647
Zimbabwe,ZWE,2021,YR2021,21.64071846,8.468016898
,,,,,
,,,,,
,,,,,